{
	"Version": 3,
	"Parameters": [
		{
			"Id": "Category_Patterns",
			"GroupId": "",
			"Name": "----------PATTERNS----------"
		},
		{
			"Id": "ParamLCuteBlush",
			"GroupId": "",
			"Name": "L Cute Blush"
		},
		{
			"Id": "ParamRCuteBlush",
			"GroupId": "",
			"Name": "R Cute Blush"
		},
		{
			"Id": "LEarHalfPatchesParam",
			"GroupId": "",
			"Name": "L Ear Half Patches"
		},
		{
			"Id": "REarHalfPatchesParam",
			"GroupId": "",
			"Name": "R Ear Half Patches"
		},
		{
			"Id": "LEarFullPatchesParam",
			"GroupId": "",
			"Name": "L Ear Full Patches"
		},
		{
			"Id": "REarFullPatchesParam",
			"GroupId": "",
			"Name": "R Ear Full Patches"
		},
		{
			"Id": "HeadStripe1Param",
			"GroupId": "",
			"Name": "Head Stripe 1"
		},
		{
			"Id": "HeadStripe1LParam",
			"GroupId": "",
			"Name": "Head Stripe 1 L"
		},
		{
			"Id": "HeadStripe1RParam",
			"GroupId": "",
			"Name": "Head Stripe 1 R"
		},
		{
			"Id": "ArmStripe1RParam",
			"GroupId": "",
			"Name": "Arm Stripe 1 R"
		},
		{
			"Id": "ArmStripe1LParam",
			"GroupId": "",
			"Name": "Arm Stripe 1 L"
		},
		{
			"Id": "BodyStripe1RParam",
			"GroupId": "",
			"Name": "Body Stripe 1 R"
		},
		{
			"Id": "BodyStripe1LParam",
			"GroupId": "",
			"Name": "Body Stripe 1 L"
		},
		{
			"Id": "TailStripe1Param",
			"GroupId": "",
			"Name": "Tail Stripe 1"
		},
		{
			"Id": "HeadOrangePatchesParam",
			"GroupId": "",
			"Name": "Head Orange Patches"
		},
		{
			"Id": "HeadBrownPatchesParam",
			"GroupId": "",
			"Name": "Head Brown Patches"
		},
		{
			"Id": "ArmBrownPatchesParam",
			"GroupId": "",
			"Name": "Arm Brown Patches"
		},
		{
			"Id": "ArmOrangePatchesParam",
			"GroupId": "",
			"Name": "Arm Orange Patches"
		},
		{
			"Id": "BodyBrownPatchesRParam",
			"GroupId": "",
			"Name": "Body Brown Patches R"
		},
		{
			"Id": "BodyOrangePatchesRParam",
			"GroupId": "",
			"Name": "Body Orange Patches R"
		},
		{
			"Id": "BodyOrangePatchesLParam",
			"GroupId": "",
			"Name": "Body Orange Patches L"
		},
		{
			"Id": "BodyBrownPatchesLParam",
			"GroupId": "",
			"Name": "Body Brown Patches L"
		},
		{
			"Id": "TailOrangePatchesParam",
			"GroupId": "",
			"Name": "Tail Orange Patches"
		},
		{
			"Id": "TailWhitePatches1Param",
			"GroupId": "",
			"Name": "Tail White Patches 1"
		},
		{
			"Id": "TailWhitePatches2Param",
			"GroupId": "",
			"Name": "Tail White Patches 2"
		},
		{
			"Id": "HeadWhitePatches5Param",
			"GroupId": "",
			"Name": "Head White Patches 5"
		},
		{
			"Id": "HeadWhitePatches4Param",
			"GroupId": "",
			"Name": "Head White Patches 4"
		},
		{
			"Id": "HeadWhitePatches3Param",
			"GroupId": "",
			"Name": "Head White Patches 3"
		},
		{
			"Id": "HeadWhitePatches2Param",
			"GroupId": "",
			"Name": "Head White Patches 2"
		},
		{
			"Id": "HeadWhitePatches1Param",
			"GroupId": "",
			"Name": "Head White Patches 1"
		},
		{
			"Id": "ArmWhitePatches3RParam",
			"GroupId": "",
			"Name": "Arm White Patches 3 R"
		},
		{
			"Id": "ArmWhitePatches3LParam",
			"GroupId": "",
			"Name": "Arm White Patches 3 L"
		},
		{
			"Id": "ArmWhitePatches2RParam",
			"GroupId": "",
			"Name": "Arm White Patches 2 R"
		},
		{
			"Id": "ArmWhitePatches2LParam",
			"GroupId": "",
			"Name": "Arm White Patches 2 L"
		},
		{
			"Id": "ArmWhitePatches1RParam",
			"GroupId": "",
			"Name": "Arm White Patches 1 R"
		},
		{
			"Id": "ArmWhitePatches1LParam",
			"GroupId": "",
			"Name": "Arm White Patches 1 L"
		},
		{
			"Id": "FootWhitePatches1LParam",
			"GroupId": "",
			"Name": "Foot White Patches 1 L"
		},
		{
			"Id": "FootWhitePatches1RParam",
			"GroupId": "",
			"Name": "Foot White Patches 1 R"
		},
		{
			"Id": "Category_Color",
			"GroupId": "",
			"Name": "----------Color----------"
		},
		{
			"Id": "ParamLEyeColor",
			"GroupId": "",
			"Name": "L Eye Color"
		},
		{
			"Id": "ParamREyeColor",
			"GroupId": "",
			"Name": "R Eye Color"
		},
		{
			"Id": "ParamLineColorR",
			"GroupId": "",
			"Name": "Line Color R"
		},
		{
			"Id": "ParamLineColorG",
			"GroupId": "",
			"Name": "Line Color G"
		},
		{
			"Id": "ParamLineColorB",
			"GroupId": "",
			"Name": "Line Color B"
		},
		{
			"Id": "ParamLineColorA",
			"GroupId": "",
			"Name": "Line Color A"
		},
		{
			"Id": "ParamSkinColorR",
			"GroupId": "",
			"Name": "Skin Color R"
		},
		{
			"Id": "ParamSkinColorG",
			"GroupId": "",
			"Name": "Skin Color G"
		},
		{
			"Id": "ParamSkinColorB",
			"GroupId": "",
			"Name": "Skin Color B"
		},
		{
			"Id": "ParamSkinColorA",
			"GroupId": "",
			"Name": "Skin Color A"
		},
		{
			"Id": "SecondChestFurShadowParam",
			"GroupId": "",
			"Name": "Second Chest Fur Shadow"
		},
		{
			"Id": "ParamChestLineColorR",
			"GroupId": "",
			"Name": "Chest Line Color R"
		},
		{
			"Id": "ParamChestLineColorG",
			"GroupId": "",
			"Name": "Chest Line Color G"
		},
		{
			"Id": "ParamChestLineColorB",
			"GroupId": "",
			"Name": "Chest Line Color B"
		},
		{
			"Id": "ParamChestLineColorA",
			"GroupId": "",
			"Name": "Chest Line Color A"
		},
		{
			"Id": "ParamChestColorR",
			"GroupId": "",
			"Name": "Chest Color R"
		},
		{
			"Id": "ParamChestColorG",
			"GroupId": "",
			"Name": "Chest Color G"
		},
		{
			"Id": "ParamChestColorB",
			"GroupId": "",
			"Name": "Chest Color B"
		},
		{
			"Id": "ParamChestColorA",
			"GroupId": "",
			"Name": "Chest Color A"
		},
		{
			"Id": "ParamBrowLineColorR",
			"GroupId": "",
			"Name": "Brow Line Color R"
		},
		{
			"Id": "ParamBrowLineColorG",
			"GroupId": "",
			"Name": "Brow Line Color G"
		},
		{
			"Id": "ParamBrowLineColorB",
			"GroupId": "",
			"Name": "Brow Line Color B"
		},
		{
			"Id": "ParamBrowLineColorA",
			"GroupId": "",
			"Name": "Brow Line Color A"
		},
		{
			"Id": "ParamBrowColorR",
			"GroupId": "",
			"Name": "Brow Color R"
		},
		{
			"Id": "ParamBrowColorG",
			"GroupId": "",
			"Name": "Brow Color G"
		},
		{
			"Id": "ParamBrowColorB",
			"GroupId": "",
			"Name": "Brow Color B"
		},
		{
			"Id": "ParamBrowColorA",
			"GroupId": "",
			"Name": "Brow Color A"
		},
		{
			"Id": "ParamNoseColorR",
			"GroupId": "",
			"Name": "Nose Color R"
		},
		{
			"Id": "ParamNoseColorG",
			"GroupId": "",
			"Name": "Nose Color G"
		},
		{
			"Id": "ParamNoseColorB",
			"GroupId": "",
			"Name": "Nose Color B"
		},
		{
			"Id": "ParamNoseColorA",
			"GroupId": "",
			"Name": "Nose Color A"
		},
		{
			"Id": "ParamEarColorR",
			"GroupId": "",
			"Name": "Ear Color R"
		},
		{
			"Id": "ParamEarColorG",
			"GroupId": "",
			"Name": "Ear Color G"
		},
		{
			"Id": "ParamEarColorB",
			"GroupId": "",
			"Name": "Ear Color B"
		},
		{
			"Id": "ParamEarColorA",
			"GroupId": "",
			"Name": "Ear Color A"
		},
		{
			"Id": "Category_Patterns2",
			"GroupId": "",
			"Name": "----------END----------"
		},
		{
			"Id": "Param15",
			"GroupId": "ParamGroup",
			"Name": "EarX1"
		},
		{
			"Id": "Param16",
			"GroupId": "ParamGroup",
			"Name": "EarX2"
		},
		{
			"Id": "Param17",
			"GroupId": "ParamGroup",
			"Name": "EarX3"
		},
		{
			"Id": "Param24",
			"GroupId": "ParamGroup",
			"Name": "EarY1"
		},
		{
			"Id": "Param12",
			"GroupId": "ParamGroup",
			"Name": "EarX1R"
		},
		{
			"Id": "Param13",
			"GroupId": "ParamGroup",
			"Name": "EarX2R"
		},
		{
			"Id": "Param14",
			"GroupId": "ParamGroup",
			"Name": "EarX3R"
		},
		{
			"Id": "Param25",
			"GroupId": "ParamGroup",
			"Name": "EarY1R"
		},
		{
			"Id": "ParamAngleX",
			"GroupId": "",
			"Name": "Angle X"
		},
		{
			"Id": "ParamAngleY",
			"GroupId": "",
			"Name": "Angle Y"
		},
		{
			"Id": "ParamAngleZ",
			"GroupId": "",
			"Name": "Angle Z"
		},
		{
			"Id": "ParamAngleXphysics",
			"GroupId": "",
			"Name": "Angle X physics"
		},
		{
			"Id": "ParamAngleYphysics",
			"GroupId": "",
			"Name": "Angle Y physics"
		},
		{
			"Id": "ParamAngleZphysics",
			"GroupId": "",
			"Name": "Angle Z physics"
		},
		{
			"Id": "ParamBodyAngleZ",
			"GroupId": "",
			"Name": "Body Angle Z"
		},
		{
			"Id": "ParamEyeLOpen",
			"GroupId": "",
			"Name": "EyeL Open"
		},
		{
			"Id": "ParamEyeLSmile",
			"GroupId": "",
			"Name": "EyeL Smile"
		},
		{
			"Id": "ParamIrisScaleL",
			"GroupId": "",
			"Name": "IrisScaleL"
		},
		{
			"Id": "ParamLashesWiggleL",
			"GroupId": "",
			"Name": "Lashes Wiggle L"
		},
		{
			"Id": "ParamLightJiggleL1",
			"GroupId": "",
			"Name": "LightJiggleL1"
		},
		{
			"Id": "ParamLightJiggleL2",
			"GroupId": "",
			"Name": "LightJiggleL2"
		},
		{
			"Id": "ParamEyeROpen",
			"GroupId": "",
			"Name": "EyeR Open"
		},
		{
			"Id": "ParamEyeRSmile",
			"GroupId": "",
			"Name": "EyeR Smile"
		},
		{
			"Id": "ParamIrisScaleR",
			"GroupId": "",
			"Name": "IrisScaleR"
		},
		{
			"Id": "ParamLashesWiggleR",
			"GroupId": "",
			"Name": "Lashes Wiggle R"
		},
		{
			"Id": "ParamLightJiggleR1",
			"GroupId": "",
			"Name": "LightJiggleR1"
		},
		{
			"Id": "ParamLightJiggleR2",
			"GroupId": "",
			"Name": "LightJiggleR2"
		},
		{
			"Id": "ParamBrowRY",
			"GroupId": "",
			"Name": "BrowR Y"
		},
		{
			"Id": "ParamBrowRForm",
			"GroupId": "",
			"Name": "BrowR Form"
		},
		{
			"Id": "ParamBrowPhysR",
			"GroupId": "",
			"Name": "BrowPhysR"
		},
		{
			"Id": "ParamBrowPhysL",
			"GroupId": "",
			"Name": "BrowPhysL"
		},
		{
			"Id": "ParamWhiskersPhysR",
			"GroupId": "",
			"Name": "WhiskersPhysR"
		},
		{
			"Id": "ParamWhiskersPhysL",
			"GroupId": "",
			"Name": "WhiskersPhysL"
		},
		{
			"Id": "ParamMouthX",
			"GroupId": "",
			"Name": "Mouth X"
		},
		{
			"Id": "ParamMouthForm",
			"GroupId": "",
			"Name": "Mouth Form"
		},
		{
			"Id": "ParamMouthOpenY",
			"GroupId": "",
			"Name": "Mouth Open Y"
		},
		{
			"Id": "ParamBodyXAug",
			"GroupId": "",
			"Name": "Body X Aug"
		},
		{
			"Id": "ParamBodyYAug",
			"GroupId": "",
			"Name": "Body Y Aug"
		},
		{
			"Id": "ParamPluY",
			"GroupId": "",
			"Name": "Plu Y"
		},
		{
			"Id": "ParamBreath",
			"GroupId": "",
			"Name": "Breath"
		},
		{
			"Id": "ParamSparkly",
			"GroupId": "",
			"Name": "Sparkly"
		},
		{
			"Id": "ParamScaredFace",
			"GroupId": "",
			"Name": "Scared Face"
		},
		{
			"Id": "ParamScaredShadow",
			"GroupId": "",
			"Name": "Scared Shadow"
		},
		{
			"Id": "ParamCuteEye",
			"GroupId": "",
			"Name": "Cute Eye"
		},
		{
			"Id": "ParamSadEye",
			"GroupId": "",
			"Name": "Sad Eye"
		},
		{
			"Id": "ParamTears",
			"GroupId": "",
			"Name": "Tears"
		},
		{
			"Id": "ParamSparklyEye",
			"GroupId": "",
			"Name": "Sparkly Eye"
		},
		{
			"Id": "ParamSparklyAround",
			"GroupId": "",
			"Name": "Sparkly Around"
		},
		{
			"Id": "ParamBlush",
			"GroupId": "",
			"Name": "Blush"
		},
		{
			"Id": "Param_Angle_Rotation9",
			"GroupId": "ParamGroup2",
			"Name": "[0]Tail"
		},
		{
			"Id": "Param_Angle_Rotation10",
			"GroupId": "ParamGroup2",
			"Name": "[1]Tail"
		},
		{
			"Id": "Param_Angle_Rotation11",
			"GroupId": "ParamGroup2",
			"Name": "[2]Tail"
		},
		{
			"Id": "Param_Angle_Rotation12",
			"GroupId": "ParamGroup2",
			"Name": "[3]Tail"
		}
	],
	"ParameterGroups": [
		{
			"Id": "ParamGroup",
			"GroupId": "",
			"Name": "Ear"
		},
		{
			"Id": "ParamGroup2",
			"GroupId": "",
			"Name": "Tail"
		}
	],
	"Parts": [
		{
			"Id": "Expressions2",
			"Name": "Expressions 2"
		},
		{
			"Id": "Sparkles",
			"Name": "Sparkles"
		},
		{
			"Id": "Expressions3",
			"Name": "Expressions 3"
		},
		{
			"Id": "Expressions1",
			"Name": "Expressions 1"
		},
		{
			"Id": "Tail0",
			"Name": "Tail"
		},
		{
			"Id": "REar12",
			"Name": "L Ear"
		},
		{
			"Id": "REar11",
			"Name": "R Ear"
		},
		{
			"Id": "Face0",
			"Name": "Face"
		},
		{
			"Id": "Head0",
			"Name": "Head"
		},
		{
			"Id": "ChestFur0",
			"Name": "Chest Fur"
		},
		{
			"Id": "RArm0",
			"Name": "R Arm"
		},
		{
			"Id": "LArm0",
			"Name": "L Arm"
		},
		{
			"Id": "Body0",
			"Name": "Body"
		},
		{
			"Id": "TailBack0",
			"Name": "Tail Back"
		},
		{
			"Id": "TailFurPattern1LineColor_Skinning",
			"Name": "Tail Fur Pattern 1 Line Color(蒙皮)"
		},
		{
			"Id": "TailLine_Skinning",
			"Name": "Tail Line(蒙皮)"
		},
		{
			"Id": "TailFurPattern1_Skinning",
			"Name": "Tail White Patches 1(蒙皮)"
		},
		{
			"Id": "TailStripe1_Skinning",
			"Name": "Tail Stripe 1(蒙皮)"
		},
		{
			"Id": "ArtMesh_Skinning",
			"Name": "Tail Stripe 2(蒙皮)"
		},
		{
			"Id": "TailWhitePatches2_Skinning",
			"Name": "Tail White Patches 2(蒙皮)"
		},
		{
			"Id": "ArtMesh1_Skinning",
			"Name": "Tail Yellow(蒙皮)"
		},
		{
			"Id": "Tail_Skinning",
			"Name": "Tail(蒙皮)"
		},
		{
			"Id": "Mouth0",
			"Name": "Mouth"
		},
		{
			"Id": "LEye0",
			"Name": "L Eye"
		},
		{
			"Id": "REye0",
			"Name": "R Eye"
		},
		{
			"Id": "RFoot0",
			"Name": "R Foot"
		},
		{
			"Id": "LFoot0",
			"Name": "L Foot"
		}
	],
	"CombinedParameters": [
		[
			"ParamAngleXphysics",
			"ParamAngleYphysics"
		],
		[
			"ParamBrowRY",
			"ParamBrowRForm"
		],
		[
			"ParamMouthForm",
			"ParamMouthOpenY"
		]
	]
}