{
	"Version": 3,
	"FileReferences": {
		"Moc": "Calico Cat@YuX_1373.moc3",
		"Textures": [
			"Calico Cat@YuX_1373.4096/texture_00.png"
		],
		"Physics": "Calico Cat@YuX_1373.physics3.json",
		"DisplayInfo": "Calico Cat@YuX_1373.cdi3.json",
		"Motions": {
			"Idle": [
				{
					"File": "Idle Animation.motion3.json"
				}
			]
		},
		"Expressions": [
			{
				"Name": "Blush",
				"File": "Blush.exp3.json"
			},
			{
				"Name": "Custom Example",
				"File": "Custom Example.exp3.json"
			},
			{
				"Name": "Cute Eye",
				"File": "Cute Eye.exp3.json"
			},
			{
				"Name": "Only Tears",
				"File": "Only Tears.exp3.json"
			},
			{
				"Name": "Sad",
				"File": "Sad.exp3.json"
			},
			{
				"Name": "Scared",
				"File": "Scared.exp3.json"
			},
			{
				"Name": "Sparkly Eye",
				"File": "Sparkly Eye.exp3.json"
			}
		]
	},
	"Groups": [
		{
			"Target": "Parameter",
			"Name": "EyeBlink",
			"Ids": []
		},
		{
			"Target": "Parameter",
			"Name": "LipSync",
			"Ids": []
		}
	]
}
