{
    "Type": "Live2D Expression",
    "Parameters": [
        {
            "Id": "LEarHalfPatchesParam",
            "Value": 1.0,
            "Blend": "Add"
        },
        {
            "Id": "REarHalfPatchesParam",
            "Value": 1.0,
            "Blend": "Add"
        },
        {
            "Id": "HeadStripe1Param",
            "Value": 2.0,
            "Blend": "Add"
        },
        {
            "Id": "TailWhitePatches2Param",
            "Value": 1.0,
            "Blend": "Add"
        },
        {
            "Id": "HeadWhitePatches4Param",
            "Value": 1.0,
            "Blend": "Add"
        },
        {
            "Id": "FootWhitePatches1LParam",
            "Value": 1.0,
            "Blend": "Add"
        },
        {
            "Id": "FootWhitePatches1RParam",
            "Value": 1.0,
            "Blend": "Add"
        },
        {
            "Id": "ParamLEyeColor",
            "Value": 2.0,
            "Blend": "Add"
        },
        {
            "Id": "ParamREyeColor",
            "Value": 1.0,
            "Blend": "Add"
        },
        {
            "Id": "ParamLineColorR",
            "Value": 0.13932856917381288,
            "Blend": "Add"
        },
        {
            "Id": "ParamLineColorG",
            "Value": 0.0,
            "Blend": "Add"
        },
        {
            "Id": "ParamLineColorB",
            "Value": 0.43888646364212038,
            "Blend": "Add"
        },
        {
            "Id": "ParamLineColorA",
            "Value": -0.0905638337135315,
            "Blend": "Add"
        },
        {
            "Id": "ParamSkinColorR",
            "Value": 0.2368600070476532,
            "Blend": "Add"
        },
        {
            "Id": "ParamSkinColorG",
            "Value": 0.3587728440761566,
            "Blend": "Add"
        },
        {
            "Id": "ParamSkinColorB",
            "Value": 0.4249536693096161,
            "Blend": "Add"
        },
        {
            "Id": "ParamSkinColorA",
            "Value": -0.2298935055732727,
            "Blend": "Add"
        },
        {
            "Id": "ArmWhitePatches3RParam",
            "Value": 1.0,
            "Blend": "Add"
        },
        {
            "Id": "ArmWhitePatches3LParam",
            "Value": 1.0,
            "Blend": "Add"
        },
        {
            "Id": "ArmWhitePatches2RParam",
            "Value": 0.4319203197956085,
            "Blend": "Add"
        },
        {
            "Id": "ArmWhitePatches2LParam",
            "Value": 0.43191981315612795,
            "Blend": "Add"
        }
    ]
}